Grazed,ANPP..g..mean,ANPP..g..std.error
N,296.63875,27.93985493
JN,360.4158333,26.35460589
JL,350.182,31.63844453
C,325.75,25.06491572